date,text,sentiment,value,change,series_id,indicator_name
2005-12-01,Personal Consumption Expenditures: Nondurable Goods remained unchanged at $2.00 million Billions in 2005-12-01.,neutral,2004.2,0.0,PCEND,Personal Consumption Expenditures: Nondurable Goods
2006-01-01,Personal Consumption Expenditures: Nondurable Goods increased by 37.60 Billions to $2.04 million Billions in 2006-01-01.,positive,2041.8,37.59999999999991,PCEND,Personal Consumption Expenditures: Nondurable Goods
2006-02-01,Personal Consumption Expenditures: Nondurable Goods increased by 6.10 Billions to $2.05 million Billions in 2006-02-01.,positive,2047.9,6.100000000000136,PCEND,Personal Consumption Expenditures: Nondurable Goods
2006-03-01,Personal Consumption Expenditures: Nondurable Goods decreased by 9.50 Billions to $2.04 million Billions in 2006-03-01.,negative,2038.4,-9.5,PCEND,Personal Consumption Expenditures: Nondurable Goods
2006-04-01,Personal Consumption Expenditures: Nondurable Goods increased by 33.70 Billions to $2.07 million Billions in 2006-04-01.,positive,2072.1,33.69999999999982,PCEND,Personal Consumption Expenditures: Nondurable Goods
2006-05-01,Personal Consumption Expenditures: Nondurable Goods increased by 4.00 Billions to $2.08 million Billions in 2006-05-01.,positive,2076.1,4.0,PCEND,Personal Consumption Expenditures: Nondurable Goods
2006-06-01,Personal Consumption Expenditures: Nondurable Goods increased by 6.20 Billions to $2.08 million Billions in 2006-06-01.,positive,2082.3,6.200000000000273,PCEND,Personal Consumption Expenditures: Nondurable Goods
2006-07-01,Personal Consumption Expenditures: Nondurable Goods increased by 34.50 Billions to $2.12 million Billions in 2006-07-01.,positive,2116.8,34.5,PCEND,Personal Consumption Expenditures: Nondurable Goods
2006-08-01,Personal Consumption Expenditures: Nondurable Goods increased by 6.20 Billions to $2.12 million Billions in 2006-08-01.,positive,2123.0,6.199999999999818,PCEND,Personal Consumption Expenditures: Nondurable Goods
2006-09-01,Personal Consumption Expenditures: Nondurable Goods decreased by 24.10 Billions to $2.10 million Billions in 2006-09-01.,negative,2098.9,-24.09999999999991,PCEND,Personal Consumption Expenditures: Nondurable Goods
2006-10-01,Personal Consumption Expenditures: Nondurable Goods decreased by 15.80 Billions to $2.08 million Billions in 2006-10-01.,negative,2083.1,-15.800000000000182,PCEND,Personal Consumption Expenditures: Nondurable Goods
2006-11-01,Personal Consumption Expenditures: Nondurable Goods decreased by 11.10 Billions to $2.07 million Billions in 2006-11-01.,negative,2072.0,-11.099999999999907,PCEND,Personal Consumption Expenditures: Nondurable Goods
2006-12-01,Personal Consumption Expenditures: Nondurable Goods increased by 51.40 Billions to $2.12 million Billions in 2006-12-01.,positive,2123.4,51.40000000000009,PCEND,Personal Consumption Expenditures: Nondurable Goods
2007-01-01,Personal Consumption Expenditures: Nondurable Goods decreased by 7.20 Billions to $2.12 million Billions in 2007-01-01.,negative,2116.2,-7.200000000000273,PCEND,Personal Consumption Expenditures: Nondurable Goods
2007-02-01,Personal Consumption Expenditures: Nondurable Goods increased by 4.70 Billions to $2.12 million Billions in 2007-02-01.,positive,2120.9,4.700000000000273,PCEND,Personal Consumption Expenditures: Nondurable Goods
2007-03-01,Personal Consumption Expenditures: Nondurable Goods increased by 29.30 Billions to $2.15 million Billions in 2007-03-01.,positive,2150.2,29.299999999999727,PCEND,Personal Consumption Expenditures: Nondurable Goods
2007-04-01,Personal Consumption Expenditures: Nondurable Goods increased by 0.80 Billions to $2.15 million Billions in 2007-04-01.,neutral,2151.0,0.8000000000001819,PCEND,Personal Consumption Expenditures: Nondurable Goods
2007-05-01,Personal Consumption Expenditures: Nondurable Goods increased by 19.30 Billions to $2.17 million Billions in 2007-05-01.,positive,2170.3,19.300000000000185,PCEND,Personal Consumption Expenditures: Nondurable Goods
2007-06-01,Personal Consumption Expenditures: Nondurable Goods increased by 6.70 Billions to $2.18 million Billions in 2007-06-01.,positive,2177.0,6.699999999999818,PCEND,Personal Consumption Expenditures: Nondurable Goods
2007-07-01,Personal Consumption Expenditures: Nondurable Goods increased by 17.80 Billions to $2.19 million Billions in 2007-07-01.,positive,2194.8,17.800000000000182,PCEND,Personal Consumption Expenditures: Nondurable Goods
2007-08-01,Personal Consumption Expenditures: Nondurable Goods decreased by 20.20 Billions to $2.17 million Billions in 2007-08-01.,negative,2174.6,-20.200000000000273,PCEND,Personal Consumption Expenditures: Nondurable Goods
2007-09-01,Personal Consumption Expenditures: Nondurable Goods increased by 20.50 Billions to $2.20 million Billions in 2007-09-01.,positive,2195.1,20.5,PCEND,Personal Consumption Expenditures: Nondurable Goods
2007-10-01,Personal Consumption Expenditures: Nondurable Goods increased by 1.80 Billions to $2.20 million Billions in 2007-10-01.,neutral,2196.9,1.800000000000182,PCEND,Personal Consumption Expenditures: Nondurable Goods
2007-11-01,Personal Consumption Expenditures: Nondurable Goods increased by 48.10 Billions to $2.25 million Billions in 2007-11-01.,positive,2245.0,48.09999999999991,PCEND,Personal Consumption Expenditures: Nondurable Goods
2007-12-01,Personal Consumption Expenditures: Nondurable Goods increased by 10.90 Billions to $2.26 million Billions in 2007-12-01.,positive,2255.9,10.900000000000093,PCEND,Personal Consumption Expenditures: Nondurable Goods
2008-01-01,Personal Consumption Expenditures: Nondurable Goods decreased by 3.30 Billions to $2.25 million Billions in 2008-01-01.,negative,2252.6,-3.300000000000182,PCEND,Personal Consumption Expenditures: Nondurable Goods
2008-02-01,Personal Consumption Expenditures: Nondurable Goods decreased by 14.20 Billions to $2.24 million Billions in 2008-02-01.,negative,2238.4,-14.199999999999818,PCEND,Personal Consumption Expenditures: Nondurable Goods
2008-03-01,Personal Consumption Expenditures: Nondurable Goods increased by 29.20 Billions to $2.27 million Billions in 2008-03-01.,positive,2267.6,29.199999999999815,PCEND,Personal Consumption Expenditures: Nondurable Goods
2008-04-01,Personal Consumption Expenditures: Nondurable Goods increased by 8.60 Billions to $2.28 million Billions in 2008-04-01.,positive,2276.2,8.599999999999909,PCEND,Personal Consumption Expenditures: Nondurable Goods
2008-05-01,Personal Consumption Expenditures: Nondurable Goods increased by 24.40 Billions to $2.30 million Billions in 2008-05-01.,positive,2300.6,24.40000000000009,PCEND,Personal Consumption Expenditures: Nondurable Goods
2008-06-01,Personal Consumption Expenditures: Nondurable Goods increased by 40.00 Billions to $2.34 million Billions in 2008-06-01.,positive,2340.6,40.0,PCEND,Personal Consumption Expenditures: Nondurable Goods
2008-07-01,Personal Consumption Expenditures: Nondurable Goods increased by 15.70 Billions to $2.36 million Billions in 2008-07-01.,positive,2356.3,15.700000000000273,PCEND,Personal Consumption Expenditures: Nondurable Goods
2008-08-01,Personal Consumption Expenditures: Nondurable Goods decreased by 19.50 Billions to $2.34 million Billions in 2008-08-01.,negative,2336.8,-19.5,PCEND,Personal Consumption Expenditures: Nondurable Goods
2008-09-01,Personal Consumption Expenditures: Nondurable Goods decreased by 33.70 Billions to $2.30 million Billions in 2008-09-01.,negative,2303.1,-33.70000000000027,PCEND,Personal Consumption Expenditures: Nondurable Goods
2008-10-01,Personal Consumption Expenditures: Nondurable Goods decreased by 40.20 Billions to $2.26 million Billions in 2008-10-01.,negative,2262.9,-40.19999999999982,PCEND,Personal Consumption Expenditures: Nondurable Goods
2008-11-01,Personal Consumption Expenditures: Nondurable Goods decreased by 109.90 Billions to $2.15 million Billions in 2008-11-01.,negative,2153.0,-109.90000000000008,PCEND,Personal Consumption Expenditures: Nondurable Goods
2008-12-01,Personal Consumption Expenditures: Nondurable Goods decreased by 67.70 Billions to $2.09 million Billions in 2008-12-01.,negative,2085.3,-67.69999999999982,PCEND,Personal Consumption Expenditures: Nondurable Goods
2009-01-01,Personal Consumption Expenditures: Nondurable Goods increased by 25.00 Billions to $2.11 million Billions in 2009-01-01.,positive,2110.3,25.0,PCEND,Personal Consumption Expenditures: Nondurable Goods
2009-02-01,Personal Consumption Expenditures: Nondurable Goods increased by 19.90 Billions to $2.13 million Billions in 2009-02-01.,positive,2130.2,19.899999999999636,PCEND,Personal Consumption Expenditures: Nondurable Goods
2009-03-01,Personal Consumption Expenditures: Nondurable Goods decreased by 24.00 Billions to $2.11 million Billions in 2009-03-01.,negative,2106.2,-24.0,PCEND,Personal Consumption Expenditures: Nondurable Goods
2009-04-01,Personal Consumption Expenditures: Nondurable Goods increased by 13.40 Billions to $2.12 million Billions in 2009-04-01.,positive,2119.6,13.400000000000093,PCEND,Personal Consumption Expenditures: Nondurable Goods
2009-05-01,Personal Consumption Expenditures: Nondurable Goods increased by 12.10 Billions to $2.13 million Billions in 2009-05-01.,positive,2131.7,12.099999999999907,PCEND,Personal Consumption Expenditures: Nondurable Goods
2009-06-01,Personal Consumption Expenditures: Nondurable Goods increased by 36.40 Billions to $2.17 million Billions in 2009-06-01.,positive,2168.1,36.40000000000009,PCEND,Personal Consumption Expenditures: Nondurable Goods
2009-07-01,Personal Consumption Expenditures: Nondurable Goods increased by 6.90 Billions to $2.17 million Billions in 2009-07-01.,positive,2175.0,6.900000000000091,PCEND,Personal Consumption Expenditures: Nondurable Goods
2009-08-01,Personal Consumption Expenditures: Nondurable Goods increased by 22.90 Billions to $2.20 million Billions in 2009-08-01.,positive,2197.9,22.90000000000009,PCEND,Personal Consumption Expenditures: Nondurable Goods
2009-09-01,Personal Consumption Expenditures: Nondurable Goods increased by 9.30 Billions to $2.21 million Billions in 2009-09-01.,positive,2207.2,9.299999999999727,PCEND,Personal Consumption Expenditures: Nondurable Goods
2009-10-01,Personal Consumption Expenditures: Nondurable Goods increased by 11.60 Billions to $2.22 million Billions in 2009-10-01.,positive,2218.8,11.600000000000364,PCEND,Personal Consumption Expenditures: Nondurable Goods
2009-11-01,Personal Consumption Expenditures: Nondurable Goods increased by 0.90 Billions to $2.22 million Billions in 2009-11-01.,neutral,2219.7,0.8999999999996362,PCEND,Personal Consumption Expenditures: Nondurable Goods
2009-12-01,Personal Consumption Expenditures: Nondurable Goods increased by 10.50 Billions to $2.23 million Billions in 2009-12-01.,positive,2230.2,10.5,PCEND,Personal Consumption Expenditures: Nondurable Goods
2010-01-01,Personal Consumption Expenditures: Nondurable Goods increased by 11.30 Billions to $2.24 million Billions in 2010-01-01.,positive,2241.5,11.300000000000182,PCEND,Personal Consumption Expenditures: Nondurable Goods
2010-02-01,Personal Consumption Expenditures: Nondurable Goods increased by 5.10 Billions to $2.25 million Billions in 2010-02-01.,positive,2246.6,5.099999999999909,PCEND,Personal Consumption Expenditures: Nondurable Goods
2010-03-01,Personal Consumption Expenditures: Nondurable Goods increased by 0.60 Billions to $2.25 million Billions in 2010-03-01.,neutral,2247.2,0.599999999999909,PCEND,Personal Consumption Expenditures: Nondurable Goods
2010-04-01,Personal Consumption Expenditures: Nondurable Goods increased by 9.80 Billions to $2.26 million Billions in 2010-04-01.,positive,2257.0,9.800000000000182,PCEND,Personal Consumption Expenditures: Nondurable Goods
2010-05-01,Personal Consumption Expenditures: Nondurable Goods decreased by 15.70 Billions to $2.24 million Billions in 2010-05-01.,negative,2241.3,-15.699999999999818,PCEND,Personal Consumption Expenditures: Nondurable Goods
2010-06-01,Personal Consumption Expenditures: Nondurable Goods increased by 2.40 Billions to $2.24 million Billions in 2010-06-01.,neutral,2243.7,2.399999999999636,PCEND,Personal Consumption Expenditures: Nondurable Goods
2010-07-01,Personal Consumption Expenditures: Nondurable Goods increased by 2.50 Billions to $2.25 million Billions in 2010-07-01.,neutral,2246.2,2.5,PCEND,Personal Consumption Expenditures: Nondurable Goods
2010-08-01,Personal Consumption Expenditures: Nondurable Goods increased by 16.00 Billions to $2.26 million Billions in 2010-08-01.,positive,2262.2,16.0,PCEND,Personal Consumption Expenditures: Nondurable Goods
2010-09-01,Personal Consumption Expenditures: Nondurable Goods increased by 17.50 Billions to $2.28 million Billions in 2010-09-01.,positive,2279.7,17.5,PCEND,Personal Consumption Expenditures: Nondurable Goods
2010-10-01,Personal Consumption Expenditures: Nondurable Goods increased by 18.20 Billions to $2.30 million Billions in 2010-10-01.,positive,2297.9,18.200000000000273,PCEND,Personal Consumption Expenditures: Nondurable Goods
2010-11-01,Personal Consumption Expenditures: Nondurable Goods increased by 25.50 Billions to $2.32 million Billions in 2010-11-01.,positive,2323.4,25.5,PCEND,Personal Consumption Expenditures: Nondurable Goods
2010-12-01,Personal Consumption Expenditures: Nondurable Goods increased by 16.40 Billions to $2.34 million Billions in 2010-12-01.,positive,2339.8,16.40000000000009,PCEND,Personal Consumption Expenditures: Nondurable Goods
2011-01-01,Personal Consumption Expenditures: Nondurable Goods increased by 25.60 Billions to $2.37 million Billions in 2011-01-01.,positive,2365.4,25.59999999999991,PCEND,Personal Consumption Expenditures: Nondurable Goods
2011-02-01,Personal Consumption Expenditures: Nondurable Goods increased by 8.10 Billions to $2.37 million Billions in 2011-02-01.,positive,2373.5,8.099999999999909,PCEND,Personal Consumption Expenditures: Nondurable Goods
2011-03-01,Personal Consumption Expenditures: Nondurable Goods increased by 30.90 Billions to $2.40 million Billions in 2011-03-01.,positive,2404.4,30.90000000000009,PCEND,Personal Consumption Expenditures: Nondurable Goods
2011-04-01,Personal Consumption Expenditures: Nondurable Goods increased by 26.00 Billions to $2.43 million Billions in 2011-04-01.,positive,2430.4,26.0,PCEND,Personal Consumption Expenditures: Nondurable Goods
2011-05-01,Personal Consumption Expenditures: Nondurable Goods decreased by 5.30 Billions to $2.43 million Billions in 2011-05-01.,negative,2425.1,-5.300000000000182,PCEND,Personal Consumption Expenditures: Nondurable Goods
2011-06-01,Personal Consumption Expenditures: Nondurable Goods increased by 14.10 Billions to $2.44 million Billions in 2011-06-01.,positive,2439.2,14.099999999999907,PCEND,Personal Consumption Expenditures: Nondurable Goods
2011-07-01,Personal Consumption Expenditures: Nondurable Goods decreased by 8.70 Billions to $2.43 million Billions in 2011-07-01.,negative,2430.5,-8.699999999999818,PCEND,Personal Consumption Expenditures: Nondurable Goods
2011-08-01,Personal Consumption Expenditures: Nondurable Goods increased by 3.30 Billions to $2.43 million Billions in 2011-08-01.,positive,2433.8,3.300000000000182,PCEND,Personal Consumption Expenditures: Nondurable Goods
2011-09-01,Personal Consumption Expenditures: Nondurable Goods increased by 12.90 Billions to $2.45 million Billions in 2011-09-01.,positive,2446.7,12.899999999999636,PCEND,Personal Consumption Expenditures: Nondurable Goods
2011-10-01,Personal Consumption Expenditures: Nondurable Goods increased by 0.20 Billions to $2.45 million Billions in 2011-10-01.,neutral,2446.9,0.2000000000002728,PCEND,Personal Consumption Expenditures: Nondurable Goods
2011-11-01,Personal Consumption Expenditures: Nondurable Goods increased by 7.80 Billions to $2.45 million Billions in 2011-11-01.,positive,2454.7,7.799999999999727,PCEND,Personal Consumption Expenditures: Nondurable Goods
2011-12-01,Personal Consumption Expenditures: Nondurable Goods decreased by 9.90 Billions to $2.44 million Billions in 2011-12-01.,negative,2444.8,-9.899999999999636,PCEND,Personal Consumption Expenditures: Nondurable Goods
2012-01-01,Personal Consumption Expenditures: Nondurable Goods increased by 25.20 Billions to $2.47 million Billions in 2012-01-01.,positive,2470.0,25.199999999999815,PCEND,Personal Consumption Expenditures: Nondurable Goods
2012-02-01,Personal Consumption Expenditures: Nondurable Goods increased by 31.30 Billions to $2.50 million Billions in 2012-02-01.,positive,2501.3,31.300000000000185,PCEND,Personal Consumption Expenditures: Nondurable Goods
2012-03-01,Personal Consumption Expenditures: Nondurable Goods decreased by 0.80 Billions to $2.50 million Billions in 2012-03-01.,negative,2500.5,-0.8000000000001819,PCEND,Personal Consumption Expenditures: Nondurable Goods
2012-04-01,Personal Consumption Expenditures: Nondurable Goods increased by 0.20 Billions to $2.50 million Billions in 2012-04-01.,neutral,2500.7,0.1999999999998181,PCEND,Personal Consumption Expenditures: Nondurable Goods
2012-05-01,Personal Consumption Expenditures: Nondurable Goods decreased by 14.10 Billions to $2.49 million Billions in 2012-05-01.,negative,2486.6,-14.099999999999907,PCEND,Personal Consumption Expenditures: Nondurable Goods
2012-06-01,Personal Consumption Expenditures: Nondurable Goods decreased by 25.40 Billions to $2.46 million Billions in 2012-06-01.,negative,2461.2,-25.40000000000009,PCEND,Personal Consumption Expenditures: Nondurable Goods
2012-07-01,Personal Consumption Expenditures: Nondurable Goods decreased by 0.90 Billions to $2.46 million Billions in 2012-07-01.,negative,2460.3,-0.8999999999996362,PCEND,Personal Consumption Expenditures: Nondurable Goods
2012-08-01,Personal Consumption Expenditures: Nondurable Goods increased by 38.20 Billions to $2.50 million Billions in 2012-08-01.,positive,2498.5,38.19999999999982,PCEND,Personal Consumption Expenditures: Nondurable Goods
2012-09-01,Personal Consumption Expenditures: Nondurable Goods increased by 13.10 Billions to $2.51 million Billions in 2012-09-01.,positive,2511.6,13.099999999999907,PCEND,Personal Consumption Expenditures: Nondurable Goods
2012-10-01,Personal Consumption Expenditures: Nondurable Goods increased by 12.80 Billions to $2.52 million Billions in 2012-10-01.,positive,2524.4,12.800000000000182,PCEND,Personal Consumption Expenditures: Nondurable Goods
2012-11-01,Personal Consumption Expenditures: Nondurable Goods decreased by 14.50 Billions to $2.51 million Billions in 2012-11-01.,negative,2509.9,-14.5,PCEND,Personal Consumption Expenditures: Nondurable Goods
2012-12-01,Personal Consumption Expenditures: Nondurable Goods decreased by 12.70 Billions to $2.50 million Billions in 2012-12-01.,negative,2497.2,-12.700000000000273,PCEND,Personal Consumption Expenditures: Nondurable Goods
2013-01-01,Personal Consumption Expenditures: Nondurable Goods increased by 46.20 Billions to $2.54 million Billions in 2013-01-01.,positive,2543.4,46.20000000000027,PCEND,Personal Consumption Expenditures: Nondurable Goods
2013-02-01,Personal Consumption Expenditures: Nondurable Goods increased by 18.30 Billions to $2.56 million Billions in 2013-02-01.,positive,2561.7,18.299999999999727,PCEND,Personal Consumption Expenditures: Nondurable Goods
2013-03-01,Personal Consumption Expenditures: Nondurable Goods decreased by 25.90 Billions to $2.54 million Billions in 2013-03-01.,negative,2535.8,-25.899999999999636,PCEND,Personal Consumption Expenditures: Nondurable Goods
2013-04-01,Personal Consumption Expenditures: Nondurable Goods decreased by 23.60 Billions to $2.51 million Billions in 2013-04-01.,negative,2512.2,-23.600000000000364,PCEND,Personal Consumption Expenditures: Nondurable Goods
2013-05-01,Personal Consumption Expenditures: Nondurable Goods increased by 14.70 Billions to $2.53 million Billions in 2013-05-01.,positive,2526.9,14.700000000000273,PCEND,Personal Consumption Expenditures: Nondurable Goods
2013-06-01,Personal Consumption Expenditures: Nondurable Goods increased by 2.80 Billions to $2.53 million Billions in 2013-06-01.,neutral,2529.7,2.799999999999727,PCEND,Personal Consumption Expenditures: Nondurable Goods
2013-07-01,Personal Consumption Expenditures: Nondurable Goods increased by 19.60 Billions to $2.55 million Billions in 2013-07-01.,positive,2549.3,19.600000000000364,PCEND,Personal Consumption Expenditures: Nondurable Goods
2013-08-01,Personal Consumption Expenditures: Nondurable Goods increased by 0.90 Billions to $2.55 million Billions in 2013-08-01.,neutral,2550.2,0.8999999999996362,PCEND,Personal Consumption Expenditures: Nondurable Goods
2013-09-01,Personal Consumption Expenditures: Nondurable Goods increased by 10.30 Billions to $2.56 million Billions in 2013-09-01.,positive,2560.5,10.300000000000182,PCEND,Personal Consumption Expenditures: Nondurable Goods
2013-10-01,Personal Consumption Expenditures: Nondurable Goods increased by 5.50 Billions to $2.57 million Billions in 2013-10-01.,positive,2566.0,5.5,PCEND,Personal Consumption Expenditures: Nondurable Goods
2013-11-01,Personal Consumption Expenditures: Nondurable Goods increased by 11.90 Billions to $2.58 million Billions in 2013-11-01.,positive,2577.9,11.900000000000093,PCEND,Personal Consumption Expenditures: Nondurable Goods
2013-12-01,Personal Consumption Expenditures: Nondurable Goods increased by 13.40 Billions to $2.59 million Billions in 2013-12-01.,positive,2591.3,13.400000000000093,PCEND,Personal Consumption Expenditures: Nondurable Goods
2014-01-01,Personal Consumption Expenditures: Nondurable Goods decreased by 1.90 Billions to $2.59 million Billions in 2014-01-01.,negative,2589.4,-1.900000000000091,PCEND,Personal Consumption Expenditures: Nondurable Goods
2014-02-01,Personal Consumption Expenditures: Nondurable Goods increased by 21.40 Billions to $2.61 million Billions in 2014-02-01.,positive,2610.8,21.40000000000009,PCEND,Personal Consumption Expenditures: Nondurable Goods
2014-03-01,Personal Consumption Expenditures: Nondurable Goods decreased by 2.70 Billions to $2.61 million Billions in 2014-03-01.,negative,2608.1,-2.700000000000273,PCEND,Personal Consumption Expenditures: Nondurable Goods
2014-04-01,Personal Consumption Expenditures: Nondurable Goods increased by 30.90 Billions to $2.64 million Billions in 2014-04-01.,positive,2639.0,30.90000000000009,PCEND,Personal Consumption Expenditures: Nondurable Goods
2014-05-01,Personal Consumption Expenditures: Nondurable Goods decreased by 2.70 Billions to $2.64 million Billions in 2014-05-01.,negative,2636.3,-2.699999999999818,PCEND,Personal Consumption Expenditures: Nondurable Goods
2014-06-01,Personal Consumption Expenditures: Nondurable Goods increased by 13.20 Billions to $2.65 million Billions in 2014-06-01.,positive,2649.5,13.199999999999818,PCEND,Personal Consumption Expenditures: Nondurable Goods
2014-07-01,Personal Consumption Expenditures: Nondurable Goods increased by 11.00 Billions to $2.66 million Billions in 2014-07-01.,positive,2660.5,11.0,PCEND,Personal Consumption Expenditures: Nondurable Goods
2014-08-01,Personal Consumption Expenditures: Nondurable Goods increased by 9.60 Billions to $2.67 million Billions in 2014-08-01.,positive,2670.1,9.599999999999907,PCEND,Personal Consumption Expenditures: Nondurable Goods
2014-09-01,Personal Consumption Expenditures: Nondurable Goods decreased by 18.80 Billions to $2.65 million Billions in 2014-09-01.,negative,2651.3,-18.799999999999727,PCEND,Personal Consumption Expenditures: Nondurable Goods
2014-10-01,Personal Consumption Expenditures: Nondurable Goods increased by 14.90 Billions to $2.67 million Billions in 2014-10-01.,positive,2666.2,14.899999999999636,PCEND,Personal Consumption Expenditures: Nondurable Goods
2014-11-01,Personal Consumption Expenditures: Nondurable Goods decreased by 10.40 Billions to $2.66 million Billions in 2014-11-01.,negative,2655.8,-10.399999999999636,PCEND,Personal Consumption Expenditures: Nondurable Goods
2014-12-01,Personal Consumption Expenditures: Nondurable Goods decreased by 21.10 Billions to $2.63 million Billions in 2014-12-01.,negative,2634.7,-21.100000000000364,PCEND,Personal Consumption Expenditures: Nondurable Goods
2015-01-01,Personal Consumption Expenditures: Nondurable Goods decreased by 47.70 Billions to $2.59 million Billions in 2015-01-01.,negative,2587.0,-47.69999999999982,PCEND,Personal Consumption Expenditures: Nondurable Goods
2015-02-01,Personal Consumption Expenditures: Nondurable Goods increased by 17.60 Billions to $2.60 million Billions in 2015-02-01.,positive,2604.6,17.59999999999991,PCEND,Personal Consumption Expenditures: Nondurable Goods
2015-03-01,Personal Consumption Expenditures: Nondurable Goods increased by 21.10 Billions to $2.63 million Billions in 2015-03-01.,positive,2625.7,21.09999999999991,PCEND,Personal Consumption Expenditures: Nondurable Goods
2015-04-01,Personal Consumption Expenditures: Nondurable Goods decreased by 8.30 Billions to $2.62 million Billions in 2015-04-01.,negative,2617.4,-8.299999999999727,PCEND,Personal Consumption Expenditures: Nondurable Goods
2015-05-01,Personal Consumption Expenditures: Nondurable Goods increased by 32.00 Billions to $2.65 million Billions in 2015-05-01.,positive,2649.4,32.0,PCEND,Personal Consumption Expenditures: Nondurable Goods
2015-06-01,Personal Consumption Expenditures: Nondurable Goods increased by 7.30 Billions to $2.66 million Billions in 2015-06-01.,positive,2656.7,7.299999999999727,PCEND,Personal Consumption Expenditures: Nondurable Goods
2015-07-01,Personal Consumption Expenditures: Nondurable Goods increased by 19.80 Billions to $2.68 million Billions in 2015-07-01.,positive,2676.5,19.800000000000185,PCEND,Personal Consumption Expenditures: Nondurable Goods
2015-08-01,Personal Consumption Expenditures: Nondurable Goods decreased by 4.00 Billions to $2.67 million Billions in 2015-08-01.,negative,2672.5,-4.0,PCEND,Personal Consumption Expenditures: Nondurable Goods
2015-09-01,Personal Consumption Expenditures: Nondurable Goods decreased by 21.40 Billions to $2.65 million Billions in 2015-09-01.,negative,2651.1,-21.40000000000009,PCEND,Personal Consumption Expenditures: Nondurable Goods
2015-10-01,Personal Consumption Expenditures: Nondurable Goods decreased by 13.90 Billions to $2.64 million Billions in 2015-10-01.,negative,2637.2,-13.900000000000093,PCEND,Personal Consumption Expenditures: Nondurable Goods
2015-11-01,Personal Consumption Expenditures: Nondurable Goods increased by 12.20 Billions to $2.65 million Billions in 2015-11-01.,positive,2649.4,12.200000000000273,PCEND,Personal Consumption Expenditures: Nondurable Goods
2015-12-01,Personal Consumption Expenditures: Nondurable Goods decreased by 4.80 Billions to $2.64 million Billions in 2015-12-01.,negative,2644.6,-4.800000000000182,PCEND,Personal Consumption Expenditures: Nondurable Goods
2016-01-01,Personal Consumption Expenditures: Nondurable Goods decreased by 14.40 Billions to $2.63 million Billions in 2016-01-01.,negative,2630.2,-14.400000000000093,PCEND,Personal Consumption Expenditures: Nondurable Goods
2016-02-01,Personal Consumption Expenditures: Nondurable Goods increased by 0.80 Billions to $2.63 million Billions in 2016-02-01.,neutral,2631.0,0.8000000000001819,PCEND,Personal Consumption Expenditures: Nondurable Goods
2016-03-01,Personal Consumption Expenditures: Nondurable Goods increased by 6.40 Billions to $2.64 million Billions in 2016-03-01.,positive,2637.4,6.400000000000091,PCEND,Personal Consumption Expenditures: Nondurable Goods
2016-04-01,Personal Consumption Expenditures: Nondurable Goods increased by 22.60 Billions to $2.66 million Billions in 2016-04-01.,positive,2660.0,22.59999999999991,PCEND,Personal Consumption Expenditures: Nondurable Goods
2016-05-01,Personal Consumption Expenditures: Nondurable Goods increased by 12.30 Billions to $2.67 million Billions in 2016-05-01.,positive,2672.3,12.300000000000182,PCEND,Personal Consumption Expenditures: Nondurable Goods
2016-06-01,Personal Consumption Expenditures: Nondurable Goods increased by 29.20 Billions to $2.70 million Billions in 2016-06-01.,positive,2701.5,29.199999999999815,PCEND,Personal Consumption Expenditures: Nondurable Goods
2016-07-01,Personal Consumption Expenditures: Nondurable Goods decreased by 25.10 Billions to $2.68 million Billions in 2016-07-01.,negative,2676.4,-25.09999999999991,PCEND,Personal Consumption Expenditures: Nondurable Goods
2016-08-01,Personal Consumption Expenditures: Nondurable Goods increased by 5.80 Billions to $2.68 million Billions in 2016-08-01.,positive,2682.2,5.799999999999727,PCEND,Personal Consumption Expenditures: Nondurable Goods
2016-09-01,Personal Consumption Expenditures: Nondurable Goods increased by 12.60 Billions to $2.69 million Billions in 2016-09-01.,positive,2694.8,12.600000000000364,PCEND,Personal Consumption Expenditures: Nondurable Goods
2016-10-01,Personal Consumption Expenditures: Nondurable Goods increased by 6.70 Billions to $2.70 million Billions in 2016-10-01.,positive,2701.5,6.699999999999818,PCEND,Personal Consumption Expenditures: Nondurable Goods
2016-11-01,Personal Consumption Expenditures: Nondurable Goods decreased by 0.80 Billions to $2.70 million Billions in 2016-11-01.,negative,2700.7,-0.8000000000001819,PCEND,Personal Consumption Expenditures: Nondurable Goods
2016-12-01,Personal Consumption Expenditures: Nondurable Goods increased by 29.90 Billions to $2.73 million Billions in 2016-12-01.,positive,2730.6,29.90000000000009,PCEND,Personal Consumption Expenditures: Nondurable Goods
2017-01-01,Personal Consumption Expenditures: Nondurable Goods increased by 20.90 Billions to $2.75 million Billions in 2017-01-01.,positive,2751.5,20.90000000000009,PCEND,Personal Consumption Expenditures: Nondurable Goods
2017-02-01,Personal Consumption Expenditures: Nondurable Goods increased by 6.20 Billions to $2.76 million Billions in 2017-02-01.,positive,2757.7,6.199999999999818,PCEND,Personal Consumption Expenditures: Nondurable Goods
2017-03-01,Personal Consumption Expenditures: Nondurable Goods increased by 12.50 Billions to $2.77 million Billions in 2017-03-01.,positive,2770.2,12.5,PCEND,Personal Consumption Expenditures: Nondurable Goods
2017-04-01,Personal Consumption Expenditures: Nondurable Goods increased by 8.40 Billions to $2.78 million Billions in 2017-04-01.,positive,2778.6,8.400000000000091,PCEND,Personal Consumption Expenditures: Nondurable Goods
2017-05-01,Personal Consumption Expenditures: Nondurable Goods decreased by 22.80 Billions to $2.76 million Billions in 2017-05-01.,negative,2755.8,-22.799999999999727,PCEND,Personal Consumption Expenditures: Nondurable Goods
2017-06-01,Personal Consumption Expenditures: Nondurable Goods increased by 15.60 Billions to $2.77 million Billions in 2017-06-01.,positive,2771.4,15.599999999999907,PCEND,Personal Consumption Expenditures: Nondurable Goods
2017-07-01,Personal Consumption Expenditures: Nondurable Goods decreased by 8.40 Billions to $2.76 million Billions in 2017-07-01.,negative,2763.0,-8.400000000000091,PCEND,Personal Consumption Expenditures: Nondurable Goods
2017-08-01,Personal Consumption Expenditures: Nondurable Goods increased by 25.80 Billions to $2.79 million Billions in 2017-08-01.,positive,2788.8,25.800000000000185,PCEND,Personal Consumption Expenditures: Nondurable Goods
2017-09-01,Personal Consumption Expenditures: Nondurable Goods increased by 54.10 Billions to $2.84 million Billions in 2017-09-01.,positive,2842.9,54.09999999999991,PCEND,Personal Consumption Expenditures: Nondurable Goods
2017-10-01,Personal Consumption Expenditures: Nondurable Goods decreased by 17.10 Billions to $2.83 million Billions in 2017-10-01.,negative,2825.8,-17.09999999999991,PCEND,Personal Consumption Expenditures: Nondurable Goods
2017-11-01,Personal Consumption Expenditures: Nondurable Goods increased by 31.10 Billions to $2.86 million Billions in 2017-11-01.,positive,2856.9,31.09999999999991,PCEND,Personal Consumption Expenditures: Nondurable Goods
2017-12-01,Personal Consumption Expenditures: Nondurable Goods increased by 36.10 Billions to $2.89 million Billions in 2017-12-01.,positive,2893.0,36.09999999999991,PCEND,Personal Consumption Expenditures: Nondurable Goods
2018-01-01,Personal Consumption Expenditures: Nondurable Goods increased by 13.90 Billions to $2.91 million Billions in 2018-01-01.,positive,2906.9,13.900000000000093,PCEND,Personal Consumption Expenditures: Nondurable Goods
2018-02-01,Personal Consumption Expenditures: Nondurable Goods remained unchanged at $2.91 million Billions in 2018-02-01.,neutral,2906.9,0.0,PCEND,Personal Consumption Expenditures: Nondurable Goods
2018-03-01,Personal Consumption Expenditures: Nondurable Goods decreased by 6.90 Billions to $2.90 million Billions in 2018-03-01.,negative,2900.0,-6.900000000000091,PCEND,Personal Consumption Expenditures: Nondurable Goods
2018-04-01,Personal Consumption Expenditures: Nondurable Goods increased by 9.10 Billions to $2.91 million Billions in 2018-04-01.,positive,2909.1,9.099999999999907,PCEND,Personal Consumption Expenditures: Nondurable Goods
2018-05-01,Personal Consumption Expenditures: Nondurable Goods increased by 30.20 Billions to $2.94 million Billions in 2018-05-01.,positive,2939.3,30.200000000000273,PCEND,Personal Consumption Expenditures: Nondurable Goods
2018-06-01,Personal Consumption Expenditures: Nondurable Goods decreased by 22.40 Billions to $2.92 million Billions in 2018-06-01.,negative,2916.9,-22.40000000000009,PCEND,Personal Consumption Expenditures: Nondurable Goods
2018-07-01,Personal Consumption Expenditures: Nondurable Goods increased by 9.40 Billions to $2.93 million Billions in 2018-07-01.,positive,2926.3,9.400000000000093,PCEND,Personal Consumption Expenditures: Nondurable Goods
2018-08-01,Personal Consumption Expenditures: Nondurable Goods increased by 2.80 Billions to $2.93 million Billions in 2018-08-01.,neutral,2929.1,2.799999999999727,PCEND,Personal Consumption Expenditures: Nondurable Goods
2018-09-01,Personal Consumption Expenditures: Nondurable Goods increased by 8.00 Billions to $2.94 million Billions in 2018-09-01.,positive,2937.1,8.0,PCEND,Personal Consumption Expenditures: Nondurable Goods
2018-10-01,Personal Consumption Expenditures: Nondurable Goods increased by 20.90 Billions to $2.96 million Billions in 2018-10-01.,positive,2958.0,20.90000000000009,PCEND,Personal Consumption Expenditures: Nondurable Goods
2018-11-01,Personal Consumption Expenditures: Nondurable Goods increased by 18.30 Billions to $2.98 million Billions in 2018-11-01.,positive,2976.3,18.300000000000185,PCEND,Personal Consumption Expenditures: Nondurable Goods
2018-12-01,Personal Consumption Expenditures: Nondurable Goods decreased by 77.60 Billions to $2.90 million Billions in 2018-12-01.,negative,2898.7,-77.60000000000036,PCEND,Personal Consumption Expenditures: Nondurable Goods
2019-01-01,Personal Consumption Expenditures: Nondurable Goods increased by 30.70 Billions to $2.93 million Billions in 2019-01-01.,positive,2929.4,30.700000000000273,PCEND,Personal Consumption Expenditures: Nondurable Goods
2019-02-01,Personal Consumption Expenditures: Nondurable Goods increased by 7.00 Billions to $2.94 million Billions in 2019-02-01.,positive,2936.4,7.0,PCEND,Personal Consumption Expenditures: Nondurable Goods
2019-03-01,Personal Consumption Expenditures: Nondurable Goods increased by 40.20 Billions to $2.98 million Billions in 2019-03-01.,positive,2976.6,40.19999999999982,PCEND,Personal Consumption Expenditures: Nondurable Goods
2019-04-01,Personal Consumption Expenditures: Nondurable Goods increased by 25.60 Billions to $3.00 million Billions in 2019-04-01.,positive,3002.2,25.59999999999991,PCEND,Personal Consumption Expenditures: Nondurable Goods
2019-05-01,Personal Consumption Expenditures: Nondurable Goods increased by 9.10 Billions to $3.01 million Billions in 2019-05-01.,positive,3011.3,9.100000000000364,PCEND,Personal Consumption Expenditures: Nondurable Goods
2019-06-01,Personal Consumption Expenditures: Nondurable Goods increased by 5.60 Billions to $3.02 million Billions in 2019-06-01.,positive,3016.9,5.599999999999909,PCEND,Personal Consumption Expenditures: Nondurable Goods
2019-07-01,Personal Consumption Expenditures: Nondurable Goods increased by 19.30 Billions to $3.04 million Billions in 2019-07-01.,positive,3036.2,19.299999999999727,PCEND,Personal Consumption Expenditures: Nondurable Goods
2019-08-01,Personal Consumption Expenditures: Nondurable Goods increased by 4.20 Billions to $3.04 million Billions in 2019-08-01.,positive,3040.4,4.200000000000273,PCEND,Personal Consumption Expenditures: Nondurable Goods
2019-09-01,Personal Consumption Expenditures: Nondurable Goods decreased by 21.10 Billions to $3.02 million Billions in 2019-09-01.,negative,3019.3,-21.09999999999991,PCEND,Personal Consumption Expenditures: Nondurable Goods
2019-10-01,Personal Consumption Expenditures: Nondurable Goods increased by 14.70 Billions to $3.03 million Billions in 2019-10-01.,positive,3034.0,14.699999999999818,PCEND,Personal Consumption Expenditures: Nondurable Goods
2019-11-01,Personal Consumption Expenditures: Nondurable Goods increased by 12.00 Billions to $3.05 million Billions in 2019-11-01.,positive,3046.0,12.0,PCEND,Personal Consumption Expenditures: Nondurable Goods
2019-12-01,Personal Consumption Expenditures: Nondurable Goods increased by 15.40 Billions to $3.06 million Billions in 2019-12-01.,positive,3061.4,15.400000000000093,PCEND,Personal Consumption Expenditures: Nondurable Goods
2020-01-01,Personal Consumption Expenditures: Nondurable Goods decreased by 2.30 Billions to $3.06 million Billions in 2020-01-01.,negative,3059.1,-2.300000000000182,PCEND,Personal Consumption Expenditures: Nondurable Goods
2020-02-01,Personal Consumption Expenditures: Nondurable Goods decreased by 5.00 Billions to $3.05 million Billions in 2020-02-01.,negative,3054.1,-5.0,PCEND,Personal Consumption Expenditures: Nondurable Goods
2020-03-01,Personal Consumption Expenditures: Nondurable Goods increased by 74.60 Billions to $3.13 million Billions in 2020-03-01.,positive,3128.7,74.59999999999991,PCEND,Personal Consumption Expenditures: Nondurable Goods
2020-04-01,Personal Consumption Expenditures: Nondurable Goods decreased by 398.10 Billions to $2.73 million Billions in 2020-04-01.,negative,2730.6,-398.0999999999999,PCEND,Personal Consumption Expenditures: Nondurable Goods
2020-05-01,Personal Consumption Expenditures: Nondurable Goods increased by 229.60 Billions to $2.96 million Billions in 2020-05-01.,positive,2960.2,229.5999999999999,PCEND,Personal Consumption Expenditures: Nondurable Goods
2020-06-01,Personal Consumption Expenditures: Nondurable Goods increased by 145.50 Billions to $3.11 million Billions in 2020-06-01.,positive,3105.7,145.5,PCEND,Personal Consumption Expenditures: Nondurable Goods
2020-07-01,Personal Consumption Expenditures: Nondurable Goods increased by 38.50 Billions to $3.14 million Billions in 2020-07-01.,positive,3144.2,38.5,PCEND,Personal Consumption Expenditures: Nondurable Goods
2020-08-01,Personal Consumption Expenditures: Nondurable Goods decreased by 9.10 Billions to $3.14 million Billions in 2020-08-01.,negative,3135.1,-9.099999999999907,PCEND,Personal Consumption Expenditures: Nondurable Goods
2020-09-01,Personal Consumption Expenditures: Nondurable Goods increased by 56.70 Billions to $3.19 million Billions in 2020-09-01.,positive,3191.8,56.70000000000027,PCEND,Personal Consumption Expenditures: Nondurable Goods
2020-10-01,Personal Consumption Expenditures: Nondurable Goods decreased by 21.70 Billions to $3.17 million Billions in 2020-10-01.,negative,3170.1,-21.700000000000273,PCEND,Personal Consumption Expenditures: Nondurable Goods
2020-11-01,Personal Consumption Expenditures: Nondurable Goods decreased by 6.70 Billions to $3.16 million Billions in 2020-11-01.,negative,3163.4,-6.699999999999818,PCEND,Personal Consumption Expenditures: Nondurable Goods
2020-12-01,Personal Consumption Expenditures: Nondurable Goods increased by 36.80 Billions to $3.20 million Billions in 2020-12-01.,positive,3200.2,36.79999999999973,PCEND,Personal Consumption Expenditures: Nondurable Goods
2021-01-01,Personal Consumption Expenditures: Nondurable Goods increased by 83.90 Billions to $3.28 million Billions in 2021-01-01.,positive,3284.1,83.90000000000009,PCEND,Personal Consumption Expenditures: Nondurable Goods
2021-02-01,Personal Consumption Expenditures: Nondurable Goods decreased by 48.70 Billions to $3.24 million Billions in 2021-02-01.,negative,3235.4,-48.69999999999982,PCEND,Personal Consumption Expenditures: Nondurable Goods
2021-03-01,Personal Consumption Expenditures: Nondurable Goods increased by 214.80 Billions to $3.45 million Billions in 2021-03-01.,positive,3450.2,214.79999999999973,PCEND,Personal Consumption Expenditures: Nondurable Goods
2021-04-01,Personal Consumption Expenditures: Nondurable Goods increased by 12.80 Billions to $3.46 million Billions in 2021-04-01.,positive,3463.0,12.800000000000182,PCEND,Personal Consumption Expenditures: Nondurable Goods
2021-05-01,Personal Consumption Expenditures: Nondurable Goods increased by 3.00 Billions to $3.47 million Billions in 2021-05-01.,neutral,3466.0,3.0,PCEND,Personal Consumption Expenditures: Nondurable Goods
2021-06-01,Personal Consumption Expenditures: Nondurable Goods increased by 77.90 Billions to $3.54 million Billions in 2021-06-01.,positive,3543.9,77.90000000000009,PCEND,Personal Consumption Expenditures: Nondurable Goods
2021-07-01,Personal Consumption Expenditures: Nondurable Goods decreased by 41.30 Billions to $3.50 million Billions in 2021-07-01.,negative,3502.6,-41.30000000000018,PCEND,Personal Consumption Expenditures: Nondurable Goods
2021-08-01,Personal Consumption Expenditures: Nondurable Goods increased by 58.80 Billions to $3.56 million Billions in 2021-08-01.,positive,3561.4,58.80000000000018,PCEND,Personal Consumption Expenditures: Nondurable Goods
2021-09-01,Personal Consumption Expenditures: Nondurable Goods increased by 19.60 Billions to $3.58 million Billions in 2021-09-01.,positive,3581.0,19.59999999999991,PCEND,Personal Consumption Expenditures: Nondurable Goods
2021-10-01,Personal Consumption Expenditures: Nondurable Goods increased by 54.70 Billions to $3.64 million Billions in 2021-10-01.,positive,3635.7,54.69999999999982,PCEND,Personal Consumption Expenditures: Nondurable Goods
2021-11-01,Personal Consumption Expenditures: Nondurable Goods increased by 49.00 Billions to $3.68 million Billions in 2021-11-01.,positive,3684.7,49.0,PCEND,Personal Consumption Expenditures: Nondurable Goods
2021-12-01,Personal Consumption Expenditures: Nondurable Goods decreased by 1.60 Billions to $3.68 million Billions in 2021-12-01.,negative,3683.1,-1.599999999999909,PCEND,Personal Consumption Expenditures: Nondurable Goods
2022-01-01,Personal Consumption Expenditures: Nondurable Goods increased by 19.40 Billions to $3.70 million Billions in 2022-01-01.,positive,3702.5,19.40000000000009,PCEND,Personal Consumption Expenditures: Nondurable Goods
2022-02-01,Personal Consumption Expenditures: Nondurable Goods increased by 37.50 Billions to $3.74 million Billions in 2022-02-01.,positive,3740.0,37.5,PCEND,Personal Consumption Expenditures: Nondurable Goods
2022-03-01,Personal Consumption Expenditures: Nondurable Goods increased by 96.30 Billions to $3.84 million Billions in 2022-03-01.,positive,3836.3,96.30000000000018,PCEND,Personal Consumption Expenditures: Nondurable Goods
2022-04-01,Personal Consumption Expenditures: Nondurable Goods decreased by 1.50 Billions to $3.83 million Billions in 2022-04-01.,negative,3834.8,-1.5,PCEND,Personal Consumption Expenditures: Nondurable Goods
2022-05-01,Personal Consumption Expenditures: Nondurable Goods increased by 58.00 Billions to $3.89 million Billions in 2022-05-01.,positive,3892.8,58.0,PCEND,Personal Consumption Expenditures: Nondurable Goods
2022-06-01,Personal Consumption Expenditures: Nondurable Goods increased by 72.80 Billions to $3.97 million Billions in 2022-06-01.,positive,3965.6,72.79999999999973,PCEND,Personal Consumption Expenditures: Nondurable Goods
2022-07-01,Personal Consumption Expenditures: Nondurable Goods decreased by 72.30 Billions to $3.89 million Billions in 2022-07-01.,negative,3893.3,-72.29999999999973,PCEND,Personal Consumption Expenditures: Nondurable Goods
2022-08-01,Personal Consumption Expenditures: Nondurable Goods decreased by 8.50 Billions to $3.88 million Billions in 2022-08-01.,negative,3884.8,-8.5,PCEND,Personal Consumption Expenditures: Nondurable Goods
2022-09-01,Personal Consumption Expenditures: Nondurable Goods increased by 4.20 Billions to $3.89 million Billions in 2022-09-01.,positive,3889.0,4.199999999999818,PCEND,Personal Consumption Expenditures: Nondurable Goods
2022-10-01,Personal Consumption Expenditures: Nondurable Goods increased by 32.00 Billions to $3.92 million Billions in 2022-10-01.,positive,3921.0,32.0,PCEND,Personal Consumption Expenditures: Nondurable Goods
2022-11-01,Personal Consumption Expenditures: Nondurable Goods decreased by 13.20 Billions to $3.91 million Billions in 2022-11-01.,negative,3907.8,-13.199999999999818,PCEND,Personal Consumption Expenditures: Nondurable Goods
2022-12-01,Personal Consumption Expenditures: Nondurable Goods decreased by 46.90 Billions to $3.86 million Billions in 2022-12-01.,negative,3860.9,-46.90000000000009,PCEND,Personal Consumption Expenditures: Nondurable Goods
2023-01-01,Personal Consumption Expenditures: Nondurable Goods increased by 67.80 Billions to $3.93 million Billions in 2023-01-01.,positive,3928.7,67.79999999999973,PCEND,Personal Consumption Expenditures: Nondurable Goods
2023-02-01,Personal Consumption Expenditures: Nondurable Goods increased by 21.90 Billions to $3.95 million Billions in 2023-02-01.,positive,3950.6,21.90000000000009,PCEND,Personal Consumption Expenditures: Nondurable Goods
2023-03-01,Personal Consumption Expenditures: Nondurable Goods decreased by 49.30 Billions to $3.90 million Billions in 2023-03-01.,negative,3901.3,-49.29999999999973,PCEND,Personal Consumption Expenditures: Nondurable Goods
2023-04-01,Personal Consumption Expenditures: Nondurable Goods increased by 39.20 Billions to $3.94 million Billions in 2023-04-01.,positive,3940.5,39.19999999999982,PCEND,Personal Consumption Expenditures: Nondurable Goods
2023-05-01,Personal Consumption Expenditures: Nondurable Goods decreased by 15.10 Billions to $3.93 million Billions in 2023-05-01.,negative,3925.4,-15.099999999999907,PCEND,Personal Consumption Expenditures: Nondurable Goods
2023-06-01,Personal Consumption Expenditures: Nondurable Goods increased by 24.50 Billions to $3.95 million Billions in 2023-06-01.,positive,3949.9,24.5,PCEND,Personal Consumption Expenditures: Nondurable Goods
2023-07-01,Personal Consumption Expenditures: Nondurable Goods increased by 9.40 Billions to $3.96 million Billions in 2023-07-01.,positive,3959.3,9.400000000000093,PCEND,Personal Consumption Expenditures: Nondurable Goods
2023-08-01,Personal Consumption Expenditures: Nondurable Goods increased by 49.70 Billions to $4.01 million Billions in 2023-08-01.,positive,4009.0,49.69999999999982,PCEND,Personal Consumption Expenditures: Nondurable Goods
2023-09-01,Personal Consumption Expenditures: Nondurable Goods increased by 25.30 Billions to $4.03 million Billions in 2023-09-01.,positive,4034.3,25.300000000000185,PCEND,Personal Consumption Expenditures: Nondurable Goods
2023-10-01,Personal Consumption Expenditures: Nondurable Goods increased by 5.80 Billions to $4.04 million Billions in 2023-10-01.,positive,4040.1,5.799999999999727,PCEND,Personal Consumption Expenditures: Nondurable Goods
2023-11-01,Personal Consumption Expenditures: Nondurable Goods decreased by 14.90 Billions to $4.03 million Billions in 2023-11-01.,negative,4025.2,-14.900000000000093,PCEND,Personal Consumption Expenditures: Nondurable Goods
2023-12-01,Personal Consumption Expenditures: Nondurable Goods increased by 6.00 Billions to $4.03 million Billions in 2023-12-01.,positive,4031.2,6.0,PCEND,Personal Consumption Expenditures: Nondurable Goods
2024-01-01,Personal Consumption Expenditures: Nondurable Goods decreased by 42.10 Billions to $3.99 million Billions in 2024-01-01.,negative,3989.1,-42.09999999999991,PCEND,Personal Consumption Expenditures: Nondurable Goods
2024-02-01,Personal Consumption Expenditures: Nondurable Goods increased by 8.80 Billions to $4.00 million Billions in 2024-02-01.,positive,3997.9,8.800000000000182,PCEND,Personal Consumption Expenditures: Nondurable Goods
2024-03-01,Personal Consumption Expenditures: Nondurable Goods increased by 45.10 Billions to $4.04 million Billions in 2024-03-01.,positive,4043.0,45.09999999999991,PCEND,Personal Consumption Expenditures: Nondurable Goods
2024-04-01,Personal Consumption Expenditures: Nondurable Goods increased by 16.50 Billions to $4.06 million Billions in 2024-04-01.,positive,4059.5,16.5,PCEND,Personal Consumption Expenditures: Nondurable Goods
2024-05-01,Personal Consumption Expenditures: Nondurable Goods increased by 18.00 Billions to $4.08 million Billions in 2024-05-01.,positive,4077.5,18.0,PCEND,Personal Consumption Expenditures: Nondurable Goods
2024-06-01,Personal Consumption Expenditures: Nondurable Goods increased by 3.00 Billions to $4.08 million Billions in 2024-06-01.,neutral,4080.5,3.0,PCEND,Personal Consumption Expenditures: Nondurable Goods
2024-07-01,Personal Consumption Expenditures: Nondurable Goods increased by 23.30 Billions to $4.10 million Billions in 2024-07-01.,positive,4103.8,23.300000000000185,PCEND,Personal Consumption Expenditures: Nondurable Goods
2024-08-01,Personal Consumption Expenditures: Nondurable Goods decreased by 15.20 Billions to $4.09 million Billions in 2024-08-01.,negative,4088.6,-15.200000000000273,PCEND,Personal Consumption Expenditures: Nondurable Goods
2024-09-01,Personal Consumption Expenditures: Nondurable Goods increased by 41.90 Billions to $4.13 million Billions in 2024-09-01.,positive,4130.5,41.90000000000009,PCEND,Personal Consumption Expenditures: Nondurable Goods
2024-10-01,Personal Consumption Expenditures: Nondurable Goods decreased by 5.90 Billions to $4.12 million Billions in 2024-10-01.,negative,4124.6,-5.899999999999636,PCEND,Personal Consumption Expenditures: Nondurable Goods
2024-11-01,Personal Consumption Expenditures: Nondurable Goods decreased by 0.30 Billions to $4.12 million Billions in 2024-11-01.,negative,4124.3,-0.3000000000001819,PCEND,Personal Consumption Expenditures: Nondurable Goods
2024-12-01,Personal Consumption Expenditures: Nondurable Goods increased by 57.80 Billions to $4.18 million Billions in 2024-12-01.,positive,4182.1,57.80000000000018,PCEND,Personal Consumption Expenditures: Nondurable Goods
2025-01-01,Personal Consumption Expenditures: Nondurable Goods increased by 3.00 Billions to $4.19 million Billions in 2025-01-01.,neutral,4185.1,3.0,PCEND,Personal Consumption Expenditures: Nondurable Goods
2025-02-01,Personal Consumption Expenditures: Nondurable Goods increased by 24.10 Billions to $4.21 million Billions in 2025-02-01.,positive,4209.2,24.099999999999454,PCEND,Personal Consumption Expenditures: Nondurable Goods
2025-03-01,Personal Consumption Expenditures: Nondurable Goods decreased by 14.00 Billions to $4.20 million Billions in 2025-03-01.,negative,4195.2,-14.0,PCEND,Personal Consumption Expenditures: Nondurable Goods
2025-04-01,Personal Consumption Expenditures: Nondurable Goods decreased by 4.10 Billions to $4.19 million Billions in 2025-04-01.,negative,4191.1,-4.099999999999454,PCEND,Personal Consumption Expenditures: Nondurable Goods
2025-05-01,Personal Consumption Expenditures: Nondurable Goods decreased by 0.80 Billions to $4.19 million Billions in 2025-05-01.,negative,4190.3,-0.8000000000001819,PCEND,Personal Consumption Expenditures: Nondurable Goods
2025-06-01,Personal Consumption Expenditures: Nondurable Goods increased by 44.50 Billions to $4.23 million Billions in 2025-06-01.,positive,4234.8,44.5,PCEND,Personal Consumption Expenditures: Nondurable Goods
2025-07-01,Personal Consumption Expenditures: Nondurable Goods increased by 6.50 Billions to $4.24 million Billions in 2025-07-01.,positive,4241.3,6.5,PCEND,Personal Consumption Expenditures: Nondurable Goods
2025-08-01,Personal Consumption Expenditures: Nondurable Goods increased by 29.50 Billions to $4.27 million Billions in 2025-08-01.,positive,4270.8,29.5,PCEND,Personal Consumption Expenditures: Nondurable Goods
2025-09-01,Personal Consumption Expenditures: Nondurable Goods increased by 17.20 Billions to $4.29 million Billions in 2025-09-01.,positive,4288.0,17.199999999999818,PCEND,Personal Consumption Expenditures: Nondurable Goods
